Nombre;URL
Prodias_frm - Terceros - URL's Forms - DNS F5;https://prodterceros.bolnet.com.co/forms/ 
Prodias_frm - Terceros - URL's Forms - Server1;https://ap27sbcc04:8012/forms/
Prodias_frm - Terceros - URL's Forms - Server2;https://ap28sbcc04:8013/forms/ 
Prodias_frm - Terceros - URL's Forms - Cluster;https://ap27sbcc04:7767/forms/
Prodias_frm - Terceros - URL's Forms - Cluster_88;https://ap28sbcc04:7767/forms/ 
Prodias_frm - Terceros - URL's Reports - DNS F5;https://prodterceros.bolnet.com.co/reports/rwservlet?server=cluster_reports&report=test.rdf&destype=cache&desformat=pdf
Prodias_frm - Terceros - URL's Reports - Server1;https://ap27sbcc04:8014/reports/rwservlet?server=rep_prodias1&report=test.rdf&destype=cache&desformat=pdf
Prodias_frm - Terceros - URL's Reports - Server2;https://ap28sbcc04:8015/reports/rwservlet?server=rep_prodias2&report=test.rdf&destype=cache&desformat=pdf
Prodias_frm - Terceros - URL's Reports - Cluster;https://ap27sbcc04:7767/reports/rwservlet?server=cluster_reports&report=test.rdf&destype=cache&desformat=pdf
Prodias_frm - Terceros - URL's Reports - Cluster_88;https://ap28sbcc04:7767/reports/rwservlet?server=cluster_reports&report=test.rdf&destype=cache&desformat=pdf
Prodias_frm - Terceros - OHS - Server1;https://ap27sbcc04:7767
Prodias_frm - Terceros - OHS - Server2;https://ap28sbcc04:7767
Prodias_frm - Capi - URL's Forms - DNS F5;https://prodcapi.bolnet.com.co
Prodias_frm - Capi - URL's Forms - Server1;https://ap27sbcc04:8022/forms
Prodias_frm - Capi - URL's Forms - Server2;https://ap28sbcc04:8023/forms
Prodias_frm - Capi - URL's Forms - Cluster;https://ap27sbcc04:7757/forms/
Prodias_frm - Capi - URL's Forms - Cluster_88;https://ap28sbcc04:7757/forms/
Prodias_frm - Capi - URL's Reports - DNS F5;https://prodcapi.bolnet.com.co/reports/rwservlet?server=cluster_reports_capi&report=test.rdf&destype=cache&desformat=pdf
Prodias_frm - Capi - URL's Reports - Server1;https://ap27sbcc04:8024/reports/rwservlet?server=rep_capi1&report=test.rdf&destype=cache&desformat=pdf
Prodias_frm - Capi - URL's Reports - Server2;https://ap28sbcc04:8025/reports/rwservlet?server=rep_capi2&report=test.rdf&destype=cache&desformat=pdf
Prodias_frm - Capi - URL's Reports - Cluster;https://ap27sbcc04:7757/reports/rwservlet?server=cluster_reports_capi&report=test.rdf&destype=cache&desformat=pdf
Prodias_frm - Capi - URL's Reports - Cluster_88;https://ap28sbcc04:7757/reports/rwservlet?server=cluster_reports_capi&report=test.rdf&destype=cache&desformat=pdf
Prodias_frm - Capi - OHS - Server1;https://ap27sbcc04:7757/
Prodias_frm - Capi - OHS - Server2;https://ap28sbcc04:7757/
Prodias_frm - Préstamos - URL's Forms - DNS F5;https://prodprest.bolnet.com.co
Prodias_frm - Préstamos - URL's Forms - Server1;https://ap27sbcc04:8032/forms/
Prodias_frm - Préstamos - URL's Forms - Server2;https://ap28sbcc04:8033/forms/
Prodias_frm - Préstamos - URL's Forms - Cluster;https://ap27sbcc04:7747/forms/
Prodias_frm - Préstamos - URL's Forms - Cluster_88;https://ap28sbcc04:7747/forms/
Prodias_frm - Préstamos - URL's Reports - DNS F5;https://prodprest.bolnet.com.co/reports/rwservlet?server=cluster_reports_prest&report=test.rdf&destype=cache&desformat=pdf
Prodias_frm - Préstamos - URL's Reports - Server1;https://ap27sbcc04:8034/reports/rwservlet?server=rep_prest1&report=test.rdf&destype=cache&desformat=pdf
Prodias_frm - Préstamos - URL's Reports - Server2;https://ap28sbcc04:8035/reports/rwservlet?server=rep_prest2&report=test.rdf&destype=cache&desformat=pdf
Prodias_frm - Préstamos - URL's Reports - Cluster;https://ap27sbcc04:7747/reports/rwservlet?server=cluster_reports_prest&report=test.rdf&destype=cache&desformat=pdf
Prodias_frm - Préstamos - URL's Reports - Cluster_88;https://ap28sbcc04:7747/reports/rwservlet?server=cluster_reports_prest&report=test.rdf&destype=cache&desformat=pdf
Prodias_frm - Préstamos - OHS - Server1;https://ap27sbcc04:7747/
Prodias_frm - Préstamos - OHS - Server2;https://ap28sbcc04:7747/
siab_frm_prod - SIAB - URL's Forms - DNS F5;https://prodsiab.bolnet.com.co/forms/
siab_frm_prod - SIAB - URL's Forms - Server1;https://for01sbcc04:8002/forms/
siab_frm_prod - SIAB - URL's Forms - Server2;https://for02sbcc04:8002/forms/
siab_frm_prod - SIAB - URL's Forms - Server3;https://for01sbcc04:8003/forms/
siab_frm_prod - SIAB - URL's Forms - Server4;https://for02sbcc04:8003/forms
siab_frm_prod - SIAB - URL's Forms - Cluster;https://for01sbcc04:7757/forms/
siab_frm_prod - SIAB - URL's Forms - Cluster_101;https://for02sbcc04:7757/forms/
siab_frm_prod - SIAB - URL's Reports - DNS F5;https://prodsiab.bolnet.com.co/reports/rwservlet?server=cluster_reports&report=test.rdf&destype=cache&desformat=pdf
siab_frm_prod - SIAB - URL's Reports - Server1;https://for01sbcc04:8004/reports/rwservlet?server=rep_siab1&report=test.rdf&destype=cache&desformat=pdf
siab_frm_prod - SIAB - URL's Reports - Server2;https://for02sbcc04:8004/reports/rwservlet?server=rep_siab2&report=test.rdf&destype=cache&desformat=pdf
siab_frm_prod - SIAB - URL's Reports - Server3;https://for01sbcc04:8005/reports/rwservlet?server=rep_siab12&report=test.rdf&destype=cache&desformat=pdf
siab_frm_prod - SIAB - URL's Reports - Server4;https://for02sbcc04:8005/reports/rwservlet?server=rep_siab22&report=test.rdf&destype=cache&desformat=pdf
siab_frm_prod - SIAB - URL's Reports - Cluster;https://for01sbcc04:7757/reports/rwservlet?server=cluster_reports&report=test.rdf&destype=cache&desformat=pdf
siab_frm_prod - SIAB - URL's Reports - Cluster_101;https://for02sbcc04:7757/reports/rwservlet?server=cluster_reports&report=test.rdf&destype=cache&desformat=pdf
siab_frm_prod - SIAB - OHS - Server1;https://for01sbcc04:7757/
siab_frm_prod - SIAB - OHS - Server2;https://for02sbcc04:7757/
parp_frm_prod - PARP - URL's Forms - DNS F5;https://prodparp.bolnet.com.co/forms
parp_frm_prod - PARP - URL's Forms - Server1;https://for03sbcc04:8002/forms/
parp_frm_prod - PARP - URL's Forms - Cluster;https://for03sbcc04:7757/forms/
parp_frm_prod - PARP - URL's Reports - DNS F5;https://prodparp.bolnet.com.co/reports/rwservlet?server=cluster_reports_parp&report=test.rdf&destype=cache&desformat=pdf
parp_frm_prod - PARP - URL's Reports - Server1;https://for03sbcc04:8003/reports/rwservlet?server=reptool_parpprod1&report=test.rdf&destype=cache&desformat=pdf
parp_frm_prod - PARP - URL's Reports - Cluster;https://for03sbcc04:7757/reports/rwservlet?server=cluster_reports_parp&report=test.rdf&destype=cache&desformat=pdf
parp_frm_prod - PARP - OHS - Server1;https://for03sbcc04:7757
svpa_frm_prod - SVPA - URL's Forms - DNS F5;https://svpaprod.bolnet.com.co/forms
svpa_frm_prod - SVPA - URL's Forms - Server1;https://for05sbcc04:8002/forms/
svpa_frm_prod - SVPA - URL's Forms - Cluster;https://for05sbcc04:7790/forms/
svpa_frm_prod - SVPA - URL's Reports - DNS F5;https://svpaprod.bolnet.com.co/reports/rwservlet?server=cluster_reports&report=test.rdf&destype=cache&desformat=pdf
svpa_frm_prod - SVPA - URL's Reports - Server1;https://for05sbcc04:8004/reports/rwservlet?server=rep_wls_reports_svpa&report=test.rdf&destype=cache&desformat=pdf
svpa_frm_prod - SVPA - URL's Reports - Cluster;https://for05sbcc04:7790/reports/rwservlet?server=cluster_reports&report=test.rdf&destype=cache&desformat=pdf
svpa_frm_prod - SVPA - OHS - Server1;https://for05sbcc04:7790/forms/
svpa_frm_prod - Conciso/Concilia - URL's Forms - DNS F5;https://prodconciso.bolnet.com.co/forms/
svpa_frm_prod - Conciso/Concilia - URL's Forms - Server1;https://for05sbcc04:8012/forms/
svpa_frm_prod - Conciso/Concilia - URL's Forms - Server2;https://for06sbcc04:8012/forms/
svpa_frm_prod - Conciso/Concilia - URL's Forms - Cluster;https://for05sbcc04:7727/forms/
svpa_frm_prod - Conciso/Concilia - URL's Forms - Cluster_105;https://for06sbcc04:7727/forms/
svpa_frm_prod - Conciso/Concilia - URL's Reports - DNS F5;https://prodconciso.bolnet.com.co/reports/rwservlet?server=cluster_reports_conci&report=test.rdf&destype=cache&desformat=pdf
svpa_frm_prod - Conciso/Concilia - URL's Reports - Server1;https://for05sbcc04:8014/reports/rwservlet?server=rep_conciprod1&report=test.rdf&destype=cache&desformat=pdf
svpa_frm_prod - Conciso/Concilia - URL's Reports - Server2;https://for06sbcc04:8014/reports/rwservlet?server=rep_conciprod2&report=test.rdf&destype=cache&desformat=pdf
svpa_frm_prod - Conciso/Concilia - URL's Reports - Cluster;https://for05sbcc04:7727/reports/rwservlet?server=cluster_reports_conci&report=test.rdf&destype=cache&desformat=pdf
svpa_frm_prod - Conciso/Concilia - URL's Reports - Cluster_105;https://for06sbcc04:7727/reports/rwservlet?server=cluster_reports_conci&report=test.rdf&destype=cache&desformat=pdf
svpa_frm_prod - Conciso/Concilia - OHS - Server1;https://for05sbcc04:7727/
svpa_frm_prod - Conciso/Concilia - OHS - Server2;https://for06sbcc04:7727/
cen_frm_prod - Saghi - URL's Forms - DNS F5;https://prodsaghi.bolnet.com.co/forms/
cen_frm_prod - Saghi - URL's Forms - Server1;https://for07sbcc04:7002/forms/
cen_frm_prod - Saghi - URL's Forms - Server2;https://for08sbcc04:7002/forms/
cen_frm_prod - Saghi - URL's Forms - Cluster;https://for07sbcc04:7717/forms/
cen_frm_prod - Saghi - URL's Forms - Cluster_145;https://for08sbcc04:7717/forms/
cen_frm_prod - Saghi - URL's Reports - DNS F5;https://prodsaghi.bolnet.com.co/reports/rwservlet?server=cluster_reports_saghi&report=test.rdf&destype=cache&desformat=pdf 
cen_frm_prod - Saghi - URL's Reports - Server1;https://for07sbcc04:7014/reports/rwservlet?server=repsaghiprod1&report=test.rdf&destype=cache&desformat=pdf
cen_frm_prod - Saghi - URL's Reports - Server2;https://for08sbcc04:7014/reports/rwservlet?server=repsaghiprod2&report=test.rdf&destype=cache&desformat=pdf
cen_frm_prod - Saghi - URL's Reports - Cluster;https://for07sbcc04:7727/reports/rwservlet?server=cluster_reports_saghi&report=test.rdf&destype=cache&desformat=pdf
cen_frm_prod - Saghi - URL's Reports - Cluster_145;https://for08sbcc04:7727/reports/rwservlet?server=cluster_reports_saghi&report=test.rdf&destype=cache&desformat=pdf
cen_frm_prod - Saghi - OHS - Server1;https://for07sbcc04:7727/
cen_frm_prod - Saghi - OHS - Server2;https://for08sbcc04:7727/
cen_frm_prod - Sitri - URL's Forms - DNS F5;https://prodsitri.bolnet.com.co/forms/
cen_frm_prod - Sitri - URL's Forms - Server1;https://for07sbcc04:7002/forms
cen_frm_prod - Sitri - URL's Forms - Server2;https://for08sbcc04:7002/forms/
cen_frm_prod - Sitri - URL's Forms - Cluster;https://for07sbcc04:7717/forms/
cen_frm_prod - Sitri - URL's Forms - Cluster_145;https://for08sbcc04:7717/forms/
cen_frm_prod - Sitri - URL's Reports - DNS F5;https://prodsitri.bolnet.com.co/reports/rwservlet?server=cluster_reports_sitri&report=test.rdf&destype=cache&desformat=pdf
cen_frm_prod - Sitri - URL's Reports - Server1;https://for07sbcc04:7004/reports/rwservlet?server=repsitriprod1&report=test.rdf&destype=cache&desformat=pdf
cen_frm_prod - Sitri - URL's Reports - Server2;https://for08sbcc04:7004/reports/rwservlet?server=repsitriprod2&report=test.rdf&destype=cache&desformat=pdf
cen_frm_prod - Sitri - URL's Reports - Cluster;https://for07sbcc04:7717/reports/rwservlet?server=cluster_reports_sitri&report=test.rdf&destype=cache&desformat=pdf
cen_frm_prod - Sitri - URL's Reports - Cluster_145;https://for08sbcc04:7717/reports/rwservlet?server=cluster_reports_sitri&report=test.rdf&destype=cache&desformat=pdf
cen_frm_prod - Sitri - OHS - Server1;https://for07sbcc04:7717/
cen_frm_prod - Sitri - OHS - Server2;https://for08sbcc04:7717/
cen_frm_prod - Siebel - URL's Forms - DNS F5;https://prodsiebel.bolnet.com.co/forms/
cen_frm_prod - Siebel - URL's Forms - Server1;https://for07sbcc04:7022/forms/
cen_frm_prod - Siebel - URL's Forms - Server2;https://for08sbcc04:7022/forms/
cen_frm_prod - Siebel - URL's Forms - Cluster;https://for07sbcc04:7747/forms/
cen_frm_prod - Siebel - URL's Forms - Cluster_145;https://for08sbcc04:7747/forms
cen_frm_prod - Siebel - OHS - Server1;https://for07sbcc04:7747/
cen_frm_prod - Siebel - OHS - Server2;https://for08sbcc04:7747/
cen_frm_prod - Control de Cambios - SIPLA - URL's Forms - DNS F5;https://prodsipla.bolnet.com.co/forms/
cen_frm_prod - Control de Cambios - SIPLA - URL's Forms - Server1;https://for07sbcc04:7032/forms/
cen_frm_prod - Control de Cambios - SIPLA - URL's Forms - Server2;https://for08sbcc04:7032/forms/
cen_frm_prod - Control de Cambios - SIPLA - URL's Forms - Cluster;https://for07sbcc04:7737/forms/
cen_frm_prod - Control de Cambios - SIPLA - URL's Forms - Cluster_145;https://for08sbcc04:7737/forms/
cen_frm_prod - Control de Cambios - SIPLA - URL's Reports - DNS F5;https://prodsipla.bolnet.com.co/reports/rwservlet?server=cluster_reports_sipla&report=test.rdf&destype=cache&desformat=pdf
cen_frm_prod - Control de Cambios - SIPLA - URL's Reports - Server1;https://for07sbcc04:7034/reports/rwservlet?server=repsiplaprod1&report=test.rdf&destype=cache&desformat=pdf
cen_frm_prod - Control de Cambios - SIPLA - URL's Reports - Server2;https://for08sbcc04:7034/reports/rwservlet?server=repsiplaprod2&report=test.rdf&destype=cache&desformat=pdf
cen_frm_prod - Control de Cambios - SIPLA - URL's Reports - Cluster;https://for07sbcc04:7737/reports/rwservlet?server=cluster_reports_sipla&report=test.rdf&destype=cache&desformat=pdf
cen_frm_prod - Control de Cambios - SIPLA - URL's Reports - Cluster_145;https://for08sbcc04:7737/reports/rwservlet?server=cluster_reports_sipla&report=test.rdf&destype=cache&desformat=pdf
cen_frm_prod - Control de Cambios - SIPLA - OHS - Server1;https://for07sbcc04:7737/
cen_frm_prod - Control de Cambios - SIPLA - OHS - Server2;https://for08sbcc04:7737/
sai_frm_prod - SAI - URL's Forms - DNS F5;https://saiprod.bolnet.com.co/forms/
sai_frm_prod - SAI - URL's Forms - Server1;https://saisvr01sbcc04:8001/forms/
sai_frm_prod - SAI - URL's Forms - Server2;https://ap112sbcc04:8001/forms
sai_frm_prod - SAI - URL's Forms - Cluster;https://saisvr01sbcc04/forms/
sai_frm_prod - SAI - URL's Forms - Cluster_117;https://ap112sbcc04/forms/
sai_frm_prod - SAI - URL's Reports - DNS F5;https://saiprod.bolnet.com.co/reports/rwservlet?server=cluster_reports&report=test.rdf&destype=cache&desformat=pdf
sai_frm_prod - SAI - URL's Reports - Server1;https://saisvr01sbcc04:8002/reports/rwservlet?server=reptools_psai1&report=test.rdf&destype=cache&desformat=pdf
sai_frm_prod - SAI - URL's Reports - Server2;https://ap112sbcc04:8002/reports/rwservlet?server=reptools_psai2&report=test.rdf&destype=cache&desformat=pdf
sai_frm_prod - SAI - URL's Reports - Cluster;https://saisvr01sbcc04/reports/rwservlet?server=cluster_reports&report=test.rdf&destype=cache&desformat=pdf
sai_frm_prod - SAI - URL's Reports - Cluster_117;https://ap112sbcc04/reports/rwservlet?server=cluster_reports&report=test.rdf&destype=cache&desformat=pdf
sai_frm_prod - SAI - OHS - Server1;https://saisvr01sbcc04/
sai_frm_prod - SAI - OHS - Server2;https://ap112sbcc04/
